{"power":{"valueTodayEff":89.656684902908,"sumMTD_eff":89.424130696518,"sumYTD_eff":83.070648977012},"coal":{"valueTodayEff":89.656286259526,"sumMTD_eff":89.424145666368,"sumYTD_eff":83.070656617227},"ntpc":{"valueTodayEff":89.659129547773,"sumMTD_eff":89.423958710998,"sumYTD_eff":83.070653280725},"gas":{"valueTodayEff":89.656579394764,"sumMTD_eff":89.424340140929,"sumYTD_eff":83.070648935596},"hydro":{"valueTodayEff":89.663379802788,"sumMTD_eff":89.426016237044,"sumYTD_eff":83.070751822698}}